avg_speed,max_speed,std_speed,night_driving_ratio,trip_duration_min,distance_km,has_dtc_errors,avg_coolant_temp,avg_iat,TripID,target
26.637922982583145,176.6808,26.072959571310637,0.12012945535067922,1039.35,461.4354208657966,False,59.762807137077885,21.944172380019587,1,1
15.766783454987834,47.7816,15.340584962704957,0.0,6.95,1.8263190835360907,False,47.10948905109489,10.002433090024331,1.0,0
33.46122275711159,126.862,33.90319877688956,0.03569639608763281,1307.7666666666667,729.3245291276439,False,69.07674461522238,33.339616672378796,10,1
7.45897247706422,42.4108,14.211027357484882,0.0,3.6166666666666667,0.4496102854230377,False,20.15137614678899,6.628440366972477,10.0,1
15.098349795275592,97.0448,16.79044919968735,0.012755905511811024,107.61666666666666,27.08056795224847,False,67.03700787401574,33.08062992125984,100,0
23.93791473102061,81.8584,24.82053764299908,0.0,33.0,13.165853102061336,False,76.77375565610859,41.57164404223228,100.0,1
32.48111696988228,171.31,26.3939546125154,0.0,557.0833333333334,301.5781485328653,False,76.83098914539062,31.711320898945115,101,1
15.939650420168068,57.7824,17.461143084288004,0.0,10.116666666666667,2.687602168067227,False,46.76806722689076,14.341176470588236,101.0,0
34.36023809995869,188.9781,30.148703516638346,0.0,577.0333333333333,330.4500454157694,False,69.39041718298223,30.097893432465924,102,1
20.22473468599034,61.4864,18.758846018135877,0.0,18.366666666666667,6.191016006655932,False,50.73526570048309,17.53816425120773,102.0,0
16.646227087872184,61.6716,15.523030757787032,0.0,15.85,4.397378322379568,True,59.370370370370374,26.087509077705157,103,0
6.987867545304777,47.7816,8.268563944172074,0.0,10.083333333333334,1.1743499624748306,False,41.40362438220758,17.383855024711696,103.0,0
23.46013075794621,123.3432,24.570445994045947,0.0,1228.7333333333333,480.4374111107851,False,62.92762836185819,27.182640586797067,104,1
27.231495088408643,85.0068,24.29254095855684,0.0,17.216666666666665,7.813926229535036,False,63.710216110019644,27.423379174852652,104.0,0
23.70306622212003,172.4212,24.27649666858475,0.0,1287.45,508.6085434611405,False,59.98735341457807,24.91906185329961,105,1
33.73874657534247,141.3076,21.515992624847293,0.0,24.183333333333334,13.598589244672755,False,71.29452054794521,32.347945205479455,105.0,0
16.753037208315657,102.4156,17.60408344768126,0.0,1260.9,352.0650769327535,False,61.239499363597794,27.335171828595673,106,1
63.64143821532493,138.5296,47.75256642408961,0.0,55.05,58.39101956256062,False,75.50080827675396,19.360814742967992,106.0,1
14.376761070210092,184.4592,18.656587329418215,0.0,1346.8166666666666,322.71435703405757,False,47.842521098940566,21.556473334530438,107,1
1.7986701570680628,16.4828,3.57809695280657,0.0,3.1666666666666665,0.09492981384525886,False,7.261780104712042,4.602094240837697,107.0,1
25.008583247301733,95.9336,21.43721740155518,0.0,1399.7333333333333,583.4224598448302,False,56.925856405443454,25.783552322853122,108,0
31.721103184713378,85.19200000000002,24.72739579988205,0.0,18.233333333333334,9.639690801132343,False,63.710646041856236,27.35213830755232,108.0,0
25.104369813690603,149.6416,23.759618070322976,0.0,1397.7166666666667,584.8132682459819,False,58.136382666945785,26.25800711743772,109,1
58.21447233201581,129.2696,39.630898072635986,0.0,51.583333333333336,50.04827551877471,False,75.44005270092227,30.94631093544137,109.0,1
50.30570113107852,152.0492,43.87960626270364,0.0,3.2666666666666666,2.7388659504698305,False,68.2204915100311,30.20857528139362,11,1
10.896767567567567,27.0392,7.491974433820318,0.0,5.533333333333333,1.00492412012012,False,40.066066066066064,17.303303303303302,11.0,0
26.044577226666668,123.8988,27.51258580067382,0.0,557.25,241.88901099266667,False,52.339733333333335,20.8032,110,1
24.7882830449827,58.338,15.630917798840281,0.0,19.166666666666668,7.918479306036139,False,70.67474048442907,38.147923875432525,110.0,0
26.68273674571496,176.6808,28.273151176892362,0.0,326.93333333333334,145.3912677788735,False,52.691946466306646,18.529349612585115,111,1
8.624775796178342,27.2244,5.971520130507881,0.0,5.216666666666667,0.7498763400566171,False,41.445859872611464,20.869426751592357,111.0,0
27.92312948553513,102.9712,29.051677025543018,0.16003990309248967,224.28333333333333,104.37820930190173,False,54.737352144791224,21.093629756306115,112,1
33.49120724801813,71.6724,21.1025563696269,0.0,15.95,8.903079260098151,False,60.52887882219706,26.05436013590034,112.0,0
24.033402155211444,173.3472,23.21996794588777,0.03341483292583537,239.11666666666667,95.77978353356072,False,65.03422982885085,24.026713755320113,113,1
32.529124406779665,84.266,25.387201429757106,0.0,19.616666666666667,10.635216507438795,False,70.75084745762712,32.99491525423729,113.0,0
17.87074315755419,263.5026,21.019567636823037,0.0,896.95,267.15271791947055,False,50.64380459398253,18.458589453251374,114,1
3.7040000000000006,3.704,4.454410827179818e-16,1.0,2.8666666666666667,0.17696888888888893,False,0.0,0.0,114.0,0
18.65298656575213,183.9036,23.37914831995434,0.1501892147587512,905.6166666666667,281.54092528424263,False,51.19938505203406,23.014427625354777,115,1
3.7040000000000006,3.704,4.454410827179818e-16,1.0,2.716666666666667,0.1677088888888889,False,0.0,0.0,115.0,0
9.443933581091125,61.11600000000001,13.35842852973547,0.0,974.35,153.36161141226896,False,41.300877062583616,20.28184926415936,116,1
3.7040000000000006,3.704,4.454410827179818e-16,0.0,2.7333333333333334,0.16873777777777782,False,0.0,0.0,116.0,0
18.209754564121713,99.2672,24.39715905964039,0.0,234.38333333333333,71.1343828986788,False,38.981892850476015,16.207018853836104,117,1
3.704,3.704,0.0,0.0,17.883333333333333,1.1039977777777779,False,0.0,0.0,117.0,0
18.155868145620026,99.6376,18.548937965440217,0.0,257.46666666666664,77.90884753153838,False,42.77801478953356,17.35736632536974,118,0
14.368490706319701,52.5968,17.792890977019443,0.0,4.45,1.0656630607187112,False,54.04089219330855,28.30111524163569,118.0,1
29.5054178366978,175.1992,26.196603977098054,0.0,243.31666666666666,119.65266527720865,False,64.54308526664659,22.633775233504068,119,1
26.718005857740586,87.044,15.103286776444984,0.0,7.933333333333334,3.5327141078568105,False,81.27824267782427,37.91004184100419,119.0,0
20.124929058070418,126.1212,20.863028209312635,0.0,1038.4333333333334,348.30661941448204,False,60.42775491540924,25.705361225422955,12,1
15.001199999999999,15.0012,1.7779089208142152e-15,0.0,9.516666666666667,2.379357,False,15.30541012216405,8.322862129144852,12.0,0
25.536647886347883,173.9028,28.913558633225616,0.0,254.51666666666668,108.32504163122735,False,66.28932778932779,26.37092862092862,120,1
14.634887606112054,45.9296,12.374121757363373,0.0,9.816666666666666,2.3944302222222222,False,59.04753820033956,28.775891341256365,120.0,0
27.672461816538632,170.384,27.234479328480845,0.051212532007832504,149.61666666666667,69.00435825751869,False,69.7630667269167,27.974469046543152,121,1
39.857465696465695,145.0116,22.899875882098875,0.0,16.0,10.62865751905752,False,59.16320166320166,24.624740124740125,121.0,0
24.774984032660466,120.9356,25.357555056681502,0.12792016330233613,189.53333333333333,78.26142178317079,False,55.640054434112045,23.6846223633477,122,1
1.8520000000000003,1.852,2.227205413589909e-16,0.0,2.716666666666667,0.08385444444444445,False,0.0,0.0,122.0,0
24.119330984058493,138.9,27.5944947948858,0.0,160.0,64.31821595748931,False,55.23480762315714,26.269327580007193,123,1
25.275596879432623,83.5252,22.387758804724697,0.0,24.516666666666666,10.327889724901496,False,72.8886524822695,34.641843971631204,123.0,0
22.83633448637317,80.3768,19.711022853086284,0.0,158.23333333333332,60.22448878156302,False,51.45898846960168,22.0062893081761,124,0
12.747840361445782,50.93,15.109473589405976,0.0,11.05,2.347727266566265,False,49.61295180722892,21.712349397590362,124.0,0
29.630678870692254,184.4592,28.426327397359188,0.0,193.48333333333332,95.55070861385177,False,60.7360594795539,24.73816939616196,125,1
17.27783494176373,52.9672,16.47219520508961,0.0,9.966666666666667,2.8700403597707527,False,58.4242928452579,24.58901830282862,125.0,0
35.24342702083609,140.9372,29.448247592825695,0.0,213.13333333333333,125.19248465068108,False,74.04440333024976,25.620589401347956,126,1
15.958328692699492,70.376,18.32468387401337,0.0,9.983333333333333,2.6552885797019434,False,45.69609507640068,13.171477079796265,126.0,0
22.820702985789556,112.6016,24.514741467027264,0.0,1249.45,475.22212242657935,False,51.056043429666296,20.501516844962477,127,1
17.173140661938536,62.042,15.757027094361543,0.0,28.6,8.185863715524036,False,57.572104018912526,20.471040189125297,127.0,0
13.33158861480076,60.5604,14.909791592693088,0.0,1250.0833333333333,277.7599455703142,False,50.761995120628896,22.65126050420168,128,0
9.859176470588235,23.7056,5.757467925247357,0.0,5.366666666666666,0.8818485620915032,False,39.910216718266255,18.229102167182663,128.0,0
13.52781150604617,65.9312,14.910040299701176,0.0,1338.9166666666667,301.8768714828386,False,46.540674239648226,19.896299010626603,129,0
31.50440338983051,76.858,20.55759400495041,0.0,17.633333333333333,9.258794107344633,False,61.134651600753294,25.760828625235405,129.0,0
20.88731189175124,136.122,25.104066409689548,0.0,962.7333333333333,335.1485233653107,False,57.721701795472285,26.346669268800415,13,1
34.863181374722835,136.6776,21.426321628743068,0.0,15.916666666666666,9.248427281350086,False,59.930155210643015,24.48780487804878,13.0,0
17.665418992568124,150.7528,19.962107035010135,0.0,1319.8,388.5803331065235,False,38.86391412056152,15.647729149463254,130,1
27.110284117647055,87.044,25.31940297536953,0.0,22.65,10.234132254411763,False,65.0139705882353,30.05,130.0,0
20.72022971293282,129.64,23.650215743357364,0.0,1292.0166666666667,446.18136877118474,False,51.430156851139394,19.909440662918023,131,1
0.0,0.0,0.0,0.0,2.7333333333333334,0.0,False,0.0,0.0,131.0,0
15.500108923806701,83.5252,16.639587127673394,0.0,1339.9166666666667,346.14757136928887,False,49.10776756596502,17.862733471686926,132,0
0.0,0.0,0.0,0.0,130.5,0.0,False,0.0,0.0,132.0,0
21.60309220722682,147.0488,26.008513129236174,0.2722391525177768,1257.7833333333333,452.8668221118851,False,48.49920185749529,19.257147003337685,133,1
0.0,0.0,0.0,0.0,2.7333333333333334,0.0,False,0.0,0.0,133.0,0
25.854729171259642,108.342,24.999399289088277,0.0,768.25,331.048261430337,False,64.25964525503558,26.675518589036976,134,1
5.166328747795415,44.8184,10.243837545785993,0.0,10.233333333333333,0.8811460697628846,False,44.35273368606702,13.077601410934744,134.0,1
12.766286062658764,71.30199999999998,13.613615574657231,0.0,690.7833333333333,146.97896067750494,False,45.906689246401356,21.61574936494496,135,0
19.40885610098177,52.5968,15.612062919508457,0.0,12.016666666666667,3.887162569113293,False,53.015427769985976,19.09256661991585,135.0,0
15.076678202772674,150.5676,16.970016626426162,0.0,608.2,152.8272613821057,False,42.234842158009016,17.740604643394022,136,1
8.75209364548495,36.114,12.790427896848866,0.0,4.95,0.7220477257525083,False,33.20401337792642,10.785953177257525,136.0,1
31.856104546462632,101.86,28.684203392188603,0.0,610.1,323.9234897299475,False,63.942670215125304,25.314814814814813,137,1
8.166069453376206,22.0388,5.120437750672838,0.0,5.15,0.700920961414791,False,32.47588424437299,16.70096463022508,137.0,0
13.748208063505325,124.2692,17.23172491338018,0.0,1274.45,292.02339610890607,False,42.210361395446,19.07666597033633,138,1
9.260000000000002,9.26,1.7816045815255828e-15,0.0,49.983333333333334,7.714094444444446,False,0.0,0.0,138.0,0
14.60619603081952,155.1976,17.665321136825067,0.0,1343.75,327.1179319402288,False,38.91758113471865,17.881158066775626,139,1
15.367659574468085,49.078,14.893114855693009,0.0,10.033333333333333,2.569814184397163,False,44.666666666666664,13.170212765957446,139.0,0
28.457736511775938,182.6072,28.249641381013582,0.16018459579885425,885.6333333333333,420.0520007674305,False,71.59322087842139,34.92390197326544,14,1
22.49156122747199,95.1928,23.955310898443148,0.0,34.18333333333333,12.813942243762515,False,67.54992693619094,29.811982464685826,14.0,0
19.055858981444928,184.8296,17.625034500577843,0.0,1429.2666666666667,453.9317341146642,False,63.36804184761153,26.826194236083694,140,1
18.019552259559674,67.9684,19.737008263706436,0.0,14.583333333333334,4.379752285309643,False,49.6071842410197,18.776361529548087,140.0,0
22.82939661458333,82.0436,24.21285484075066,0.0,20.316666666666666,7.7302873536603,False,56.821451822916664,23.216959635416668,141,0
6.658499328859061,23.5204,5.742571107624832,0.0,4.933333333333334,0.5474766114839672,False,35.65771812080537,14.939597315436242,141.0,0
11.337015377913309,120.1948,15.570003468701326,0.0,79.51666666666667,15.024694546673443,False,46.69941189283381,22.26290568503594,142,1
19.05442576489533,79.2656,18.72066570657677,0.0,10.516666666666667,3.339817404902487,False,46.81803542673108,14.400966183574878,142.0,0
13.24604475342168,92.6,16.909060379496484,0.0,98.21666666666667,21.6830393699761,False,44.58961546817293,22.784705626765152,143,1
19.377004328810138,106.1196,18.25831688674606,0.0,214.15,69.15975795024485,False,64.18459123023439,29.001121453403613,144,1
14.075103825514972,96.6744,16.07267698139386,0.0,236.41666666666666,55.45981882359163,False,46.69378570192141,19.604985286480872,145,0
0.0,0.0,0.0,0.0,7.433333333333334,0.0,False,46.780092592592595,10.95138888888889,145.0,0
36.992009764837626,183.1628,30.820081741141212,0.0,245.56666666666666,151.400075520866,False,69.72527062336692,27.643896976483763,146,1
0.012346666666666666,2.0372,0.15859580490458544,0.0,2.716666666666667,0.0005590296296296295,False,0.0,0.0,146.0,1
33.20970305006714,106.8604,24.847947377870963,0.0,358.9166666666667,198.65859866199884,False,74.44062919624017,30.7928256282371,147,1
17.073909070034446,53.3376,17.128170826868494,0.0,14.916666666666666,4.244763504911342,False,51.88404133180253,17.95292766934558,147.0,0
16.898031585760517,75.7468,18.24927985528345,0.0,389.0,109.55557144768069,False,64.40776699029126,29.243624595469257,148,0
14.023755555555555,25.5576,8.552260698775163,0.0,5.383333333333334,1.2582425123456789,False,38.97839506172839,16.11111111111111,148.0,0
12.973330738450345,86.118,16.032686784819237,0.0,393.18333333333334,85.01495706966169,False,44.23990542015278,17.602764641687887,149,1
20.0016,20.0016,0.0,0.0,2.716666666666667,0.905628,False,0.0,0.0,149.0,0
19.40961933555741,219.8509,23.9833698857673,0.0,466.31666666666666,150.85048316376688,False,59.638448707256046,25.744995829858215,15,1
31.955425176568344,90.0072,25.20473348567694,0.0,40.61666666666667,21.63204754313807,False,77.65517241379311,35.27710843373494,15.0,0
18.548705491488192,86.3032,19.198349584153227,0.0,437.0833333333333,135.1221670872994,False,58.191378363536515,21.01798462383306,150,0
20.0016,20.0016,0.0,0.0,2.7333333333333334,0.911184,False,0.0,0.0,150.0,0
35.90061113822942,128.3436,35.19151488831783,0.0,437.31666666666666,261.6655932377783,False,74.06663708305598,29.44294061090156,151,1
43.19216371681416,85.19200000000002,19.660584475118405,0.0,15.033333333333333,10.822036575712879,False,64.67146017699115,27.108407079646017,151.0,0
15.311003949255376,126.862,17.570831039730294,0.0,443.6333333333333,113.20786197813322,False,63.39911748483177,35.36701599558742,152,1
21.11167757575757,21.6684,2.658945829219879,0.0,2.7333333333333334,0.9617542006734006,False,0.0,0.0,152.0,0
11.66612253689669,149.6416,17.09717556414642,0.0,449.31666666666666,87.36305485338829,False,41.9918228958915,18.93558037495014,153,1
31.34021297888976,77.5988,20.75818576009545,0.0,21.25,11.099658763356791,False,71.24863174354965,32.4573885848319,153.0,0
39.264011608729334,150.1972,30.21046097889449,0.0,488.9,319.93625459179617,False,78.1141737664586,29.21759533463939,154,1
5.0004,5.0004,0.0,0.0,2.716666666666667,0.226407,False,0.0,0.0,154.0,0
22.2144364873222,88.896,22.861559373596208,0.0,396.85,146.92998533323026,False,53.054576376004945,22.21413110698825,155,0
5.0004,5.0004,0.0,0.0,2.716666666666667,0.226407,False,0.0,0.0,155.0,0
15.083669706700922,60.5604,17.160044944713004,0.14215371440804966,1084.4833333333333,272.63314004036727,False,36.86255619781631,16.89188610575894,156,1
18.00506573950254,128.1584,18.076425469293874,0.0,1158.8666666666666,347.75784194419185,False,49.93006151377374,19.12877774806098,157,1
22.392495104615076,75.3764,18.100558335376174,0.0,1216.2666666666667,453.9207563206638,False,73.44919411352488,24.84122534788267,158,0
20.157638010093724,99.6376,18.94733001768732,0.0,1248.6166666666666,419.48604633394206,False,66.24080749819755,30.373612112472962,159,0
17.173046111811686,92.9704,18.729201425375965,0.21084489281210592,421.53333333333336,120.65018951665033,False,49.57696511139134,22.796132828919713,16,1
15.377124018838304,50.7448,13.29510445354589,0.0,10.966666666666667,2.8105965567765567,False,48.69230769230769,14.717425431711145,16.0,0
17.022180423583286,161.124,18.711322940359633,0.0,166.83333333333334,47.331118344463526,False,59.50944476244992,25.717801946193475,160,1
15.108341278772379,67.4128,15.925480879454529,0.0,190.75,48.03193498209719,False,52.53947144075021,22.048081841432225,161,0
5.325964786795049,185.0148,16.12257713931383,0.0,198.46666666666667,17.61710796698762,False,23.080467675378266,10.89133425034388,162,1
17.695307583417595,87.7848,19.799870521898047,0.0,254.95,75.19031113987192,False,38.419362992922146,14.424165824064712,163,0
15.47641901907901,71.30199999999998,16.968286812125594,0.0,299.53333333333336,77.26172294746888,False,71.11197682549196,32.572370392568175,164,0
16.355887648541593,97.0448,17.172228102007043,0.0,351.8,95.90002124594888,False,51.74612891609651,20.834893770255672,165,0
11.42902918884051,59.4492,14.849084367850478,0.0,1057.1333333333334,201.36679538604886,False,63.418480890179005,27.64892759232382,166,1
58.722082321899734,141.8632,41.26691436258515,0.0,1146.4,1121.9832528970976,False,70.46448988566402,18.012862796833772,167,1
46.65871484451105,178.9032,38.11822885938125,0.0,1265.4666666666667,984.084139087232,False,75.45050580741851,27.156912701386286,168,1
16.153149821403055,85.0068,16.81165492195462,0.09644234890698672,1272.15,342.48715908829826,False,67.29532790398629,31.101443063294756,169,0
20.829321776658876,84.0808,18.64981508202955,0.15114188095666248,326.23333333333335,113.2536512378669,False,61.84598093868009,29.52054486603129,17,0
17.309277573131098,76.858,18.918724208348365,0.0,15.8,4.558109760924522,False,52.355362946912244,19.02600216684724,17.0,0
22.030955785123965,101.6748,25.137862171291246,0.0,1324.2333333333333,486.2354335975665,False,56.20816115702479,24.234848484848484,170,1
14.577115765352886,86.3032,14.286001002908039,0.0,1330.15,323.1625089214023,False,52.85494958753437,20.192025664527957,171,0
16.406044424057086,306.6171,23.058260288480643,0.0,1332.8833333333334,364.4557196458659,False,54.777981651376145,20.042609582059125,172,1
32.11900165666952,118.7132,24.933163364547696,0.0,1350.7166666666667,723.0611809059633,False,74.28011044463487,26.07826335332762,173,1
11.557249376854601,65.9312,15.402017838557814,0.0,1301.4166666666667,250.67994933102543,False,51.41780415430267,21.373590504451037,174,1
16.214451917098447,85.19200000000002,18.150940521929105,0.0,1331.4166666666667,359.80319205483596,False,43.66243523316062,18.133678756476684,175,0
14.346516776750331,68.7092,16.80730167785838,0.11988110964332893,1337.0,319.68821550858655,False,35.47721268163804,13.050528401585204,176,1
21.126438323716975,77.0432,19.69936102417838,0.0,1379.4666666666667,485.7202908826129,False,58.15381111448527,25.511084117825693,177,0
41.73509285903902,107.6012,26.476682889723754,0.0,1374.2833333333333,955.9307088549391,False,75.57977170161932,26.033890806123352,178,1
20.34180280683848,90.9332,20.10968783580625,0.0,1370.3833333333334,464.6011256074112,False,64.49821383005869,28.361061495279408,179,0
23.7596441861489,183.348,22.086298402087763,0.007264562145027077,215.0,85.1387250003669,False,61.66244001232774,32.23801347246071,18,1
10.607980901856763,51.3004,13.557015182964268,0.0,6.266666666666667,1.1079446719717063,False,44.88859416445624,18.395225464190982,18.0,1
18.7024467789891,67.2276,16.67042317115479,0.3503468780971259,1376.7833333333333,429.1536169644313,False,64.37628014535844,24.55616121572514,180,0
12.565218035961273,57.5972,13.416848773010647,0.11756569847856155,1387.7,290.61255114172434,False,48.45228215767635,20.51203319502075,181,0
7.590000209424084,97.0448,16.446978897035102,0.08586387434554973,1390.5833333333333,175.90879652036068,False,20.690052356020942,9.501047120418848,182,1
8.88286273241714,57.5972,12.49724638482357,0.06669361358124495,1396.8666666666666,206.80291425815147,False,30.189571544058204,14.041632983023444,183,1
12.54240988764045,110.194,22.243448595247585,0.09578651685393258,22.466666666666665,4.696435702372035,False,39.8002808988764,17.753370786516854,184,1
20.680599938233474,123.5284,20.85905974222514,0.07705373687461396,44.56666666666667,15.361090065232307,False,66.92557134033353,25.602378011117974,185,1
13.418729246935198,66.1164,14.802776904796582,0.0,95.56666666666666,21.37305375053512,False,52.468184471687096,25.376143218525005,186,0
22.152306646372402,79.4508,22.406833445583754,0.0,103.11666666666666,38.071200339196125,False,55.53559952646711,25.054794520547944,187,0
15.757675415437179,85.5624,16.428957585448632,0.0,150.66666666666666,39.569273820986695,False,61.884298804162135,27.074079826059947,188,0
20.61289269191402,73.7096,16.589605604996347,0.0,167.68333333333334,57.60730927037415,False,65.80225179119755,27.79037871033777,189,0
14.541731532574442,160.3832,16.252252474402685,0.01183355842819474,185.01666666666668,44.84104492864136,False,56.41147340664995,26.340021866357965,19,1
31.351910264550266,109.8236,25.40324930959617,0.0,15.883333333333333,8.299547356143446,False,61.87619047619047,25.51851851851852,19.0,1
58.94092719802794,147.6044,43.192643676347636,0.0,900.8166666666667,884.9161594795033,False,66.83894823336072,16.6764878506867,190,1
53.19069608578153,142.9744,41.699236507171904,0.0,1010.0333333333333,895.4062678307034,False,72.06058756865139,25.783889809083778,191,1
13.164163112078347,73.7096,14.57479888216595,0.0,1055.65,231.61247982109177,False,44.441512513601744,20.835146898803046,192,0
14.12956478696742,106.8604,18.63938982056673,0.0,1108.5333333333333,261.05155919743805,False,35.39724310776943,16.67230576441103,193,1
17.76851246930423,58.1528,14.599311948387536,0.0,1117.7666666666667,331.0175159073215,False,66.52633015006822,22.203274215552526,194,0
13.19923598865687,60.9308,13.456306810395512,0.0,1152.3666666666666,253.50599297992034,False,35.88605310647074,16.607630832688837,195,0
14.377500288312262,65.0052,15.878471894564372,0.11532490574406742,1183.7333333333333,283.6521056880806,False,49.511865158571744,22.61033488578399,196,0
12.516652931132613,60.3752,15.998627051690464,0.0,1310.45,273.37413056004556,False,44.12322140011383,19.20774046670461,197,1
25.86264817567568,88.3404,22.86213639966265,0.0,1366.2,588.8924989601352,False,56.98699324324324,22.054054054054053,198,0
26.258167973029924,135.3812,27.88931028531456,0.0347661188369153,398.4,174.35423534091868,False,58.89780868099452,25.338600927096504,199,1
26.477269104602513,170.5692,28.695484104938917,4.184100418410042e-05,949.5333333333333,419.01749317428175,False,60.13205020920502,25.299456066945606,2,1
18.672806755126658,75.3764,18.88965620977856,0.0,13.983333333333333,4.351801352097573,False,47.663449939686366,16.5729794933655,2.0,0
28.64293174853215,139.2704,29.146138800693812,0.010501694591627286,237.41666666666666,113.33848965495568,False,65.36784572055946,33.83478925008354,20,1
42.5602426023085,92.9704,27.280740602141922,0.0,31.65,22.450527972717733,False,72.40083945435467,31.64585519412382,20.0,0
8.443825065963061,66.672,12.973208185039292,0.0,767.15,107.96133998922603,False,33.52209762532981,16.013192612137203,200,1
13.888843119757274,87.2292,15.540772543101335,0.0,839.1833333333333,194.25476108969403,False,59.322148848830984,24.715509548456183,201,0
16.2399642627469,57.0416,16.21349738011303,0.0,1031.2833333333333,279.13340796833046,False,53.85254937988057,23.572117593017914,202,0
6.700335644937587,69.2648,15.134397082590588,0.0,1081.8833333333334,120.81635769995376,False,52.54840499306519,28.310957004160887,203,1
16.96004552874068,120.0096,21.23618511191817,0.0,1268.7333333333333,358.6295849527377,False,66.87038174637999,34.88073716542343,204,1
9.198212997174528,96.304,14.105193351610225,0.0,5.733333333333333,0.8789403530633438,False,55.31297544012171,26.290806346446423,205,1
7.481916237942123,76.3024,13.110495424521794,0.0,12.4,1.5462626891747053,False,34.567524115755624,17.287781350482316,206,1
8.061070099301213,46.6704,12.254949362639895,0.0,749.8166666666667,100.73874519373953,False,29.58808385435822,14.859139389481427,207,1
11.25705549132948,74.4504,14.892338016756874,0.0,813.6666666666666,152.65818030186256,False,37.352360308285164,17.70544315992293,208,1
9.611806846609612,82.2288,15.64891904537326,0.0,904.0166666666667,144.82055976859778,False,39.71165240289664,18.220210664911125,209,1
14.9868902188477,70.9316,16.151648601436786,0.0,182.7,45.63508071639124,False,56.72430294136413,27.9007847891278,21,0
63.151870568746546,158.9016,35.93069786397927,0.0,30.25,31.839068078409717,False,74.18442849254555,30.101049144119273,21.0,1
13.327021270991109,70.5612,17.596677490556246,0.0,992.0833333333334,220.35859476548492,False,38.98156075074086,14.928218636812645,210,1
6.41386394446713,50.3744,11.544368494688419,0.0,1001.3,107.03669945991562,False,22.32053899550837,9.610453246222947,211,1
11.081439376770538,89.4516,17.88360323701559,0.0,1006.1166666666667,185.82034746041862,False,42.483356940509914,20.50070821529745,212,1
17.545831671753135,72.9688,16.39515476239686,0.0,1144.6,334.71598219147734,False,58.15513733468973,23.15751102068498,213,0
14.535002365184486,62.4124,15.238585211400494,0.0,1172.8166666666666,284.1148837321298,False,49.99479659413434,17.846736045411543,214,0
19.019576586237715,62.2272,16.381188035959095,0.0,1251.9666666666667,396.8645983347235,False,45.43118856121537,18.212466487935657,215,0
17.745180992907798,70.5612,16.686600193831868,0.0,1271.0833333333333,375.92673011780926,False,47.8468085106383,17.33356973995272,216,0
16.313617894422904,67.598,17.24484795242917,0.0,1299.0833333333333,353.21248521688705,False,39.84670444378169,17.070384730092453,217,0
16.33761777476255,83.7104,17.387395745545057,0.0,1388.75,378.14777807835816,False,46.67265943012212,17.489484396200815,218,0
9.470791454840453,74.8208,14.50487857547878,0.1838831800973499,1400.9666666666667,221.13771891971635,False,37.841806381828015,22.284207679826935,219,1
16.93981433439714,84.266,17.161372502647296,0.0,210.05,59.303466682335326,False,62.611673067560986,28.110726456428843,22,0
8.624083673469388,47.4112,12.654979021411831,0.0,9.983333333333333,1.4349517001133787,False,45.75340136054422,12.32482993197279,22.0,1
13.360157912124217,61.11600000000001,16.20304906492304,0.0,1420.7333333333333,316.3536947391991,False,44.20218037661051,18.677568549719194,220,0
14.648727134146341,55.3748,15.557611880191118,0.0,601.3,146.8046604293699,False,45.40548780487805,20.60035569105691,221,0
12.833102678899083,75.006,16.719081649040852,0.0,5.416666666666667,1.1585439918450562,False,39.07376146788991,15.565871559633027,222,1
27.051144218061673,117.4168,21.422822028769886,0.0,1395.75,629.2772423726597,False,56.79570484581498,20.515831497797357,223,1
15.955010687655344,68.3388,15.301832163444894,0.0,1104.6833333333334,293.7539064968011,False,59.647887323943664,24.43744821872411,224,0
13.732037657266812,134.6404,21.10242646826783,0.0,1188.4666666666667,272.0011503512171,False,35.952711496746204,15.254229934924078,225,1
23.610449341317366,111.8608,25.44415726270628,0.0,1189.65,468.1361843149701,False,51.55,19.49191616766467,226,1
21.079382714711457,106.6752,26.487050901144514,0.0,1247.3,438.2052343343267,False,52.60010837171498,25.211053914928204,227,1
23.825873730545513,126.862,25.501259008253708,0.0,1239.1833333333334,492.0770938166082,False,66.54378242414715,27.50856783524603,228,1
15.83815175050783,66.1164,15.002702870275607,0.0,1307.0666666666666,345.0253369116183,False,74.79471860437329,30.3257258931772,229,0
13.910155450950855,121.4912,15.029899554417979,0.0,233.13333333333333,54.04868179108349,False,59.58024226448252,31.123893805309734,23,1
18.46215603217158,57.0416,17.22011299879511,0.0,12.716666666666667,3.9129514034852546,False,54.1769436997319,18.66219839142091,23.0,0
12.389051593137255,67.598,15.112469577299903,0.0,1373.85,283.6783088538603,False,39.817401960784316,17.44761029411765,230,0
19.574126573531622,83.5252,15.518715864383546,0.0,1198.4,390.9605547620049,False,80.56158930449152,28.29592909719093,231,0
18.579752887259396,73.154,16.79065825244583,0.0,665.8166666666667,206.17848558142379,False,49.24129239230064,19.664527956003667,232,0
16.492628192371477,80.7472,14.982879301339525,0.0,608.9666666666667,167.3910135813525,False,48.49875621890547,20.26181592039801,233,0
24.826636889637225,119.8244,24.443267099049695,0.0,608.7333333333333,251.88002382141943,False,54.25394152762896,18.99096892698607,234,1
26.01598064080033,117.9724,23.903804222371242,0.0,213.25,92.46513119417784,False,66.17196160605651,25.86764904691091,235,1
19.35745951252539,512.2262,34.54900858575692,0.0,211.0,68.07373261904763,False,50.32430602572783,18.79756262694651,236,1
16.965253393213573,80.9324,18.678422889107658,0.0,845.8666666666667,239.17237228121533,False,53.93962075848303,22.206586826347305,237,0
12.714092697768764,140.752,16.548839953631582,0.0,813.8833333333333,172.46313575281724,False,47.2946247464503,21.16759634888438,238,1
21.856531496409204,73.154,18.750762769708597,0.04514143338707313,21.966666666666665,8.00191903118537,False,64.91250183203869,24.540964385167815,239,0
27.034882677294316,105.1936,30.012139017046184,0.0,160.6,72.36336929955779,False,64.71567396407708,28.235191352295683,24,1
8.890232081911261,38.1512,12.53521188091283,0.0,4.85,0.7186270932878269,False,36.184300341296925,11.494880546075086,24.0,1
28.472864798540872,87.044,23.66783322835013,0.0,1208.2666666666667,573.3802240097275,False,60.04841651467418,23.420162493782126,240,0
45.72859573805585,141.678,34.66640657066737,0.0,1293.6666666666667,985.9593336633042,False,83.64352437481756,31.639048360416464,241,1
34.43990599223423,199.3678,32.2784214193559,0.0,1397.2333333333333,802.0097441536012,False,74.32973029698815,32.28166649176199,242,1
32.39764470188754,88.5256,25.194478067445218,0.0,1398.05,754.8921195912313,False,78.39928093478478,34.372715469889144,243,0
16.788846130728775,114.4536,18.65348085822343,0.0,1413.9166666666667,395.6338226389932,False,41.40721262208866,18.25694966190834,244,1
19.622397426317974,81.488,18.296569896120932,0.0,14.433333333333334,4.720276714219824,False,59.89269406392694,24.695931921959318,245,0
16.308390855868414,57.0416,15.89515213003057,0.0,1431.4833333333333,389.08649506102284,False,51.54279342068581,22.603568441594646,246,0
52.30316511753095,119.8244,32.67816593892018,0.0,20.666666666666668,18.015534651593995,False,79.27094921945093,27.917190023326754,247,1
56.863837528649725,132.9736,39.640848733099304,0.0,102.26666666666667,96.92125196549853,False,75.9052316890882,28.571699053313402,248,1
14.353403439578079,89.4516,14.48412005704131,0.0,750.4333333333333,179.5212064640118,False,43.361843613850034,19.257280440265994,249,0
20.79112328290732,142.2336,19.29032807926464,0.0,264.93333333333334,91.80435991808189,False,64.66027647365675,29.46683185532951,25,1
5.95233837535014,26.2984,5.779343347969545,0.0,5.933333333333334,0.5886201282290694,False,42.59943977591036,18.431372549019606,25.0,0
20.197299590428972,145.0116,26.424140782685768,0.0,788.85,265.54399636516496,False,47.485449450312565,19.117913343392974,250,1
22.723260116166507,96.1188,25.987751545979453,0.1021297192642788,165.96666666666667,62.85506228799613,False,46.677637947725074,20.7918683446273,251,1
17.308499376299377,104.2676,18.249673240919762,0.0,9.55,2.754936150727651,False,42.11512474012474,17.774428274428274,252,1
18.88688641370869,74.08,19.218814641582863,0.0,93.41666666666667,29.405832874677003,False,53.552427580579355,21.383312933496534,253,0
21.10541820754717,76.858,18.85942318255822,0.0,187.7,66.02478329261007,False,56.75070754716981,23.504245283018868,254,0
19.822930173410406,76.858,17.030136254429248,0.0,331.8833333333333,109.6483357064226,False,69.9820809248555,29.785115606936415,255,0
19.21851941683234,96.304,20.710009132779938,0.0,376.25,120.51613217638612,False,33.961232604373755,12.136845593108019,256,0
20.72792002387347,153.5308,23.989853439882843,0.0,386.6333333333333,133.56841353161576,False,47.35243210981796,19.550581915846017,257,1
27.927560970350402,99.4524,22.69477198516383,0.0,429.68333333333334,200.00012482683437,False,63.38077268643306,23.594609164420486,258,0
22.11439788698575,102.9712,21.26070110257019,0.0,430.51666666666665,158.67694772742468,False,61.55786777653274,26.421322234672644,259,1
15.597027367586845,113.3424,17.252090842946746,0.0,268.43333333333334,69.77936743954271,False,56.16563201690662,27.2150310394928,26,1
17.851332012195122,57.0416,14.287728982288128,0.0,21.8,6.485983964430894,False,65.76600609756098,26.8109756097561,26.0,0
30.633203665665977,97.23,25.204706882026752,0.0,254.56666666666666,129.96987577482835,False,65.15879285827145,27.723495022910413,260,0
20.66933670613563,60.19,18.498414399426164,0.0,915.6166666666667,315.4198196180481,False,61.02744886975242,23.068083961248654,261,0
19.132479020302934,104.4528,18.592822734995966,0.0,901.8,287.5611596751531,False,67.6873992910087,30.785691266516274,262,1
17.26391722069483,69.8204,15.714527587002603,0.0,951.1333333333333,273.67145220850347,False,59.74731317170707,25.67808047988003,263,0
6.27564107830552,49.6336,10.468887590757047,0.0,980.0,102.50213761232348,False,26.649550706033377,12.379332477535302,264,1
38.8711508523641,150.3824,30.43337762790969,0.0,1032.6,668.9725061691862,False,75.87209177656267,29.093384796826417,265,1
20.92076523809524,101.4896,22.080087714034196,0.0,1042.4666666666667,363.4866733645503,False,64.36119047619047,26.93,266,1
19.773288350863268,81.1176,18.823483459140068,0.23060130978368723,460.73333333333335,151.83688421424006,False,59.929152609644774,25.282397301051795,267,0
24.5277718164794,110.0088,23.57593048566492,0.3347378277153558,395.7,161.76065512968165,False,45.164794007490634,16.03558052434457,268,1
19.45107313531353,64.4496,18.567623253136013,0.0,427.1333333333333,138.47002841994865,False,42.12508250825083,15.794719471947195,269,0
22.076219953642056,126.1212,21.141053847314392,0.014400552349953149,360.78333333333336,132.74553703791378,False,65.45238447502096,27.949992602455985,27,1
1.7622060606060608,27.9652,4.956947937376938,0.0,2.7333333333333334,0.08027827609427611,False,0.0,0.0,27.0,1
30.48663451536643,166.4948,26.861313775349902,0.0,457.78333333333336,232.60455284265825,False,61.43326885880077,19.629056522673544,270,1
10.777152274069698,67.4128,16.91607815763637,0.0,470.56666666666666,84.52281036280107,False,39.16007088009451,15.756645008860012,271,1
20.085538223418574,71.4872,19.215627964991043,0.0,194.05,64.95997820423958,False,43.168236877523555,20.342530282637956,272,0
35.58216634717785,94.0816,30.933202184954876,0.0,208.28333333333333,123.51953690018934,False,47.08572949946752,18.644834930777424,273,0
15.893407766179541,58.8936,16.969058327901674,0.0,220.83333333333334,58.49657025052192,False,48.73945720250522,20.28267223382046,274,0
12.522116965781288,57.5972,13.114227354193208,0.0,224.28333333333333,46.80836889125522,False,62.32400095716679,28.904283321368748,275,0
14.212943241511852,69.6352,14.441579159669901,0.1492632927610506,322.03333333333336,76.28402480902555,False,58.02882767456759,26.279628443305572,276,0
20.14061595706619,85.5624,16.874324104352525,0.0,820.6833333333333,275.48446398386005,False,67.76440071556351,28.590518783542038,277,0
19.028381869688385,107.9716,16.22059880730544,0.0,774.7166666666667,245.69340956909033,False,71.8063031161473,27.98973087818697,278,1
1.0297120000000002,18.1496,2.9217859567263096,0.0,793.5666666666667,13.619085324444447,False,10.1728,7.0048,279,1
22.119432949687603,141.1224,22.95884268769802,0.023512002630713583,368.1166666666667,135.7088654332639,False,60.308177134714455,28.10194015126603,28,1
21.407220512820512,66.1164,14.053419066808639,0.0,16.216666666666665,5.785895988603989,False,67.04717948717949,30.757948717948718,28.0,0
14.82896918767507,47.4112,16.300950945390326,0.0,163.58333333333334,40.429536826953004,False,34.54435107376284,12.529411764705882,280,0
20.39494919454771,63.7088,17.909503508818872,0.0,165.06666666666666,56.108771339666816,False,37.696406443618336,14.648079306071871,281,0
8.767031272727273,56.6712,15.064706082743788,0.0,200.18333333333334,29.25022572686869,False,23.19030303030303,9.19878787878788,282,1
21.2788674218396,73.3392,18.196599196729156,0.0,309.43333333333334,109.73984793163166,False,55.91753511554146,22.982782057091075,283,0
14.351466666666667,54.2636,15.853565388223988,0.0,410.8833333333333,98.27964103703704,False,43.2922966162707,18.174226061915046,284,0
21.169960493827162,117.4168,19.316772403549354,0.0,405.35,143.02072476954734,False,54.565432098765434,21.594650205761315,285,1
16.76323351268255,74.8208,18.45341700745918,0.0,379.5833333333333,106.05073423648476,False,43.43658724058417,17.490392006149115,286,0
13.416721218074656,65.9312,13.595941437056283,0.0,434.1166666666667,97.07370487977516,False,54.066306483300586,23.07907662082515,287,0
39.87529162321864,124.8248,34.16864743910018,0.0,267.93333333333334,178.06533003746188,False,59.21897810218978,24.207507820646505,288,1
4.610147813822285,44.6332,9.350980779922596,0.0,73.2,5.624380332863187,False,13.734837799717912,9.352609308885755,289,1
22.03692350386823,125.7508,26.08807397487638,0.1536311454953831,304.96666666666664,112.00878507605023,False,61.756875467931124,27.193711005739956,29,1
36.125613201320135,77.2284,19.616662537917136,0.0,15.433333333333334,9.292310506784013,False,68.39273927392739,29.639163916391638,29.0,0
12.235681386392812,55.0044,15.80065802303009,0.0,83.3,16.987204324775355,False,51.08472400513479,22.09178433889602,290,1
29.39602778380725,72.4132,20.148986141323338,0.0,701.9,343.88453169090513,False,68.40004341219883,23.522248751899284,291,0
10.267462542955327,47.4112,14.553241940744837,0.0,66.91666666666667,11.451072808323788,False,22.20504009163803,8.421534936998855,292,1
19.05883044733045,135.7516,24.253466120354503,0.0,273.26666666666665,86.80238444845278,False,42.515512265512264,22.21067821067821,293,1
11.567715466666666,54.4488,11.518974714612902,0.0,394.55,76.06736895622223,False,32.595333333333336,16.578666666666667,294,0
14.89165359477124,53.3376,18.043969135066927,0.0,409.31666666666666,101.5900335094408,False,47.282679738562095,18.044117647058822,295,0
17.010122980719125,74.4504,16.893263729949986,0.0,1262.6833333333334,357.9733130950727,False,40.91036998436686,16.840541948931737,296,0
15.343169670602858,69.6352,15.409396616385393,0.0,1268.6333333333334,324.41427471859674,False,38.66625233064015,18.6674953387197,297,0
3.6178604651162796,42.2256,7.815766050802706,0.0,1227.6833333333334,74.02644992248062,False,10.863372093023257,8.300872093023257,298,1
15.818128724072912,69.2648,16.202054946095576,0.0,1247.15,328.7929873037922,False,45.379006913890635,17.44374607165305,299,0
14.24405304245283,79.2656,17.268995448035966,0.0,364.6333333333333,86.56427568410639,False,50.30825471698113,21.259964622641508,3,0
6.225524290220821,25.1872,5.598164917259242,0.0,5.266666666666667,0.5464626876971609,False,36.24921135646688,15.958990536277602,3.0,0
16.062296445706455,96.304,17.434894781855142,0.13061784000783316,295.78333333333336,79.18265972832012,False,46.00283951826104,21.8493097033193,30,0
31.205770633693973,99.6376,22.940109965941758,0.0,21.483333333333334,11.173399540786537,False,72.16074188562597,33.62210200927357,30.0,0
15.79781225879682,72.5984,16.13396303077795,0.0,1338.8666666666666,352.51940399268506,False,46.77014755959137,21.34449489216799,300,0
38.568379792746114,154.0864,23.590327880869957,0.0,1350.7333333333333,868.2599366453655,False,76.94059955588453,28.549962990377498,301,0
12.794814726027397,60.9308,15.087435682609204,0.0,1274.3166666666666,271.74409420481356,False,43.25599315068493,22.127568493150687,302,0
4.180844607843137,46.6704,7.392939861622437,0.0,1280.5,89.22619200571894,False,25.345588235294116,16.818627450980394,303,1
15.38158382749326,70.7464,20.61058635791056,0.0,1289.9333333333334,330.6869616424079,False,60.25876010781671,34.37106918238994,304,1
4.1371465416178195,35.188,6.143664008790967,0.0,1292.15,89.09689839585775,False,22.704572098475968,11.735052754982416,305,1
21.28018053617334,70.376,19.40299792163718,0.0,1317.2333333333333,467.18271902664554,False,68.67168564083731,29.92508262945281,306,0
17.205553178847296,129.8252,22.37867775915246,0.0,1324.55,379.82692438403643,False,58.86333927510398,30.752822341057634,307,1
35.07507696181284,96.4892,21.49200706304916,0.0,1397.6333333333334,817.0349455176948,False,70.29542593369702,26.29290809903483,308,0
16.23096618556701,60.3752,16.002159616523905,0.0,1393.05,376.84245741340203,False,61.689690721649484,26.81855670103093,309,0
14.047088292975785,90.9332,16.28908447858548,0.0,1050.65,245.9762219169168,False,38.97328397038223,18.886031618971383,31,0
18.672219178082194,63.5236,17.366088069452925,0.0,10.3,3.2053976255707766,False,45.726027397260275,13.573630136986301,31.0,0
5.998172590163935,80.3768,12.277838378412282,0.0,1326.55,132.61459749136614,False,49.47147540983607,26.86688524590164,310,1
12.485542362204725,45.0036,14.251477378531002,0.0,1280.65,266.4934971026247,False,33.92913385826772,16.37795275590551,311,0
5.6256792079207925,77.5988,12.2835797442304,0.0,1284.5166666666667,120.43797839823982,False,21.509193776520508,11.185289957567186,312,1
17.262712298387097,65.9312,17.0668078981887,0.0,1228.4833333333333,353.44923911161516,False,48.92741935483871,22.789314516129032,313,0
0.597261247637051,9.6304,1.4260197430098025,0.0,700.8666666666667,6.976674996009241,False,3.2098298676748582,2.23062381852552,314,1
13.45031870445344,61.3012,18.13252190935189,0.0,711.8166666666667,159.56935043013945,False,47.45910931174089,19.437246963562753,315,1
15.053938165680472,57.5972,16.260493273951017,0.0,690.4333333333333,173.22901179207756,False,24.142011834319526,10.059911242603551,316,0
18.07385883609183,72.0428,18.50667739364974,0.0,683.5333333333333,205.9014162738328,False,47.538174052322475,19.467698878804057,317,0
28.02876864864865,90.5628,21.563695907543597,0.0,12.666666666666666,5.917184492492493,False,50.87567567567567,18.0472972972973,318,0
49.78230225225225,139.826,31.65350819576058,0.0,14.816666666666666,12.293462972847847,False,72.20945945945945,19.109234234234233,319,1
27.825172538626934,106.49,24.277398109687116,0.0,1056.6833333333334,490.0399344781906,False,64.4795239761988,27.503475173758687,32,1
17.503686419753087,56.486,17.557074723380364,0.0,13.933333333333334,4.064744957475995,False,54.129629629629626,18.090123456790124,32.0,0
1.7896643902439022,10.3712,2.3649815741799145,0.0,3.4,0.10141431544715446,False,5.453658536585366,4.741463414634146,320,1
41.28716370235935,101.3044,29.225654115934013,0.0,18.466666666666665,12.707271495059489,False,63.17059891107078,26.370235934664247,321,1
22.354053450164294,318.118,21.919398595089778,0.0,15.616666666666667,5.818263356334429,False,67.58050383351588,29.52354874041621,322,1
5.712132735426009,46.6704,10.685105767030752,0.0,3.7,0.3522481853512706,False,14.852017937219731,9.143497757847534,323,1
7.601774074074075,44.8184,12.310530460658734,0.0,3.5833333333333335,0.45399484053497946,False,14.055555555555555,8.597222222222221,324,1
20.623064627151052,108.342,23.231204295566464,0.0,8.716666666666667,2.9960730000000004,False,44.15869980879541,21.692160611854685,325,1
1.6111387978142075,6.2968,1.4220837288694583,0.0,3.033333333333333,0.08145201700060715,False,3.6721311475409837,2.7540983606557377,326,0
0.5768524590163934,15.5568,2.476406938980807,0.0,3.033333333333333,0.02916309653916211,False,1.3169398907103824,1.180327868852459,327,1
16.743901639344262,109.6384,18.577360455694485,0.0,10.166666666666666,2.837161111111111,False,26.490163934426228,10.283606557377048,328,1
25.27717825594564,135.9368,26.842637799172543,0.0,14.916666666666666,6.284187371964263,False,44.14722536806342,16.07361268403171,329,1
25.42534873691338,114.2684,22.323389388385287,0.0,1091.3666666666666,462.47296833071164,False,66.97546747226419,31.435387259753114,33,1
6.5906662460567835,24.6316,5.719425351082941,0.0,5.266666666666667,0.5785140371538732,False,38.86435331230284,15.769716088328076,33.0,0
43.40488568755846,157.0496,31.393448360374784,0.0,17.866666666666667,12.92501040473963,False,68.80168381665108,19.67913938260056,330,1
37.55856,103.5268,30.797744598012866,0.0,28.133333333333333,17.61079146666667,False,70.76014492753623,31.894202898550724,331,1
14.3425661971831,65.1904,15.540643602343895,0.0,7.45,1.7808686361502348,False,55.85680751173709,26.44600938967136,332,0
44.72321727891157,92.0444,24.089087790158437,0.0,50.11666666666667,37.35630954380197,False,85.64387755102041,35.660204081632656,333,0
47.63038674373796,191.5338,27.172590909861057,0.0,97.41666666666667,77.33322514365233,False,88.24816955684008,29.445664739884393,334,1
16.234125246826515,85.3772,17.256103173738655,0.0,102.05,27.611541357310767,False,17.559943582510577,8.861777150916785,335,0
35.08583187390543,165.75400000000005,23.8224575961617,0.0,29.0,16.958152072387623,False,68.61938120256859,29.274956217162874,336,0
15.126911515151516,56.6712,15.239984934169044,0.0,9.4,2.3698828040404045,False,38.41818181818182,20.45858585858586,337,0
14.666884813753581,90.748,20.326025554631805,0.0,6.0,1.4666884813753582,False,33.598853868194844,16.21776504297994,338,1
41.16691295215869,115.3796,26.289166091219137,0.0,18.266666666666666,12.533037943212758,False,69.43057176196032,26.460910151691948,339,1
10.512830636743216,58.5232,13.533119392258252,0.0,1139.9666666666667,199.73794163665625,False,34.06654488517745,17.30649791231733,34,1
6.111600000000001,6.1116,8.908821654359636e-16,0.0,2.7333333333333334,0.2784173333333334,False,0.0,0.0,34.0,0
2.910285714285714,35.0028,5.704768890031458,0.0,4.083333333333333,0.19806111111111108,False,5.779591836734694,4.8979591836734695,340,1
16.335745671641792,72.0428,23.99954731223863,0.0,5.783333333333333,1.5745843744610282,False,16.0,9.611940298507463,341,1
17.2508178913738,80.3768,22.565894590090405,0.0,5.233333333333333,1.5046546716364926,False,21.4185303514377,10.40255591054313,342,1
3.782569696969697,36.4844,6.834786985653708,0.0,2.75,0.17336777777777776,False,0.0,0.0,343,1
34.360715094339625,160.9388,27.218486821880262,0.0,26.25,15.032812853773585,False,68.80592991913747,26.78436657681941,344,1
44.29526241986087,122.232,25.769111712054443,0.0,123.18333333333334,90.94063459588658,False,88.50675214841085,35.15072977765653,345,1
12.033396558317401,71.8576,13.101497833478387,0.0,8.716666666666667,1.7481851111111113,False,52.634799235181646,25.961759082217974,346,0
5.338117647058824,30.558000000000003,7.003692287208002,0.0,3.1166666666666667,0.27728555555555556,False,9.433155080213904,4.427807486631016,347,1
0.5098087912087912,9.26,1.8278571245590534,0.0,3.033333333333333,0.025773666666666667,False,8.126373626373626,3.642857142857143,348,1
7.831975714285714,28.3356,9.330732472931198,0.0,4.666666666666667,0.6091536666666667,False,24.789285714285715,14.189285714285715,349,0
13.008635354247446,139.4556,18.402600482916185,0.0,1254.6166666666666,272.01417876713475,False,49.48669369051815,23.852220655622137,35,1
6.111600000000001,6.1116,8.908821654359636e-16,0.0,2.716666666666667,0.2767196666666667,False,0.0,0.0,35.0,0
25.267299,158.7164,32.07777925242344,0.0,6.616666666666666,2.786421584166667,False,43.4575,16.3925,350,1
18.623197748592872,184.4592,20.83747054663886,0.0,8.883333333333333,2.7572678888888893,False,51.73358348968105,20.026266416510317,351,1
4.437607766990292,23.15,7.097742227949899,0.0,6.85,0.5066268867313917,False,31.75242718446602,17.04854368932039,352,1
0.4427770114942528,9.26,1.577840784982854,0.0,2.8833333333333333,0.021277895274584926,False,0.7126436781609196,0.5402298850574713,353,1
17.249399004975125,62.5976,19.499575657301968,0.0,6.633333333333334,1.9070168899944722,False,16.828358208955223,8.64179104477612,354,0
21.19340721868365,76.3024,19.761424764233638,0.0,7.783333333333333,2.749255880868129,False,27.562632696390658,14.61995753715499,355,0
5.210985669781931,28.3356,6.945992623001834,0.0,5.333333333333333,0.46319872620283836,False,23.65109034267913,13.242990654205608,356,1
35.40439157894737,79.4508,23.841802847272238,0.0,23.9,14.102749312280702,False,67.45052631578947,26.82315789473684,357,0
14.993291103202845,64.4496,21.966038532073576,0.0,4.666666666666667,1.1661448635824434,False,30.12455516014235,14.640569395017794,358,1
35.719437706093196,78.8952,27.45118217474441,0.0,28.4,16.907200514217447,False,72.66236559139784,30.14480286738351,359,0
20.890908252164504,111.3052,23.010599421379503,0.0,1361.9166666666667,474.19460217378406,False,57.33076298701299,26.172483766233768,36,1
6.111600000000001,6.1116,8.908821654359636e-16,0.0,2.7333333333333334,0.2784173333333334,False,0.0,0.0,36.0,0
16.39311544227886,48.152,15.291482118994068,0.0,11.116666666666667,3.03728,False,63.03748125937032,29.82008995502249,360,0
23.062696646942797,76.4876,20.339145648791952,0.0,8.65,3.3248720999342534,False,40.53451676528599,20.60355029585799,361,0
19.1650703777336,77.9692,18.876211734422863,0.0,8.4,2.683109852882704,False,45.06361829025845,19.854870775347912,362,0
0.3693105882352941,12.038,1.7420404763846578,0.0,2.816666666666667,0.01733708039215686,False,2.1176470588235294,1.2411764705882353,363,1
21.294497399527188,64.4496,17.123900268500613,0.0,7.083333333333333,2.513933720777515,False,41.018912529550825,18.06146572104019,364,0
0.8302685990338164,15.5568,2.493383459936558,0.0,3.45,0.047740444444444446,False,7.144927536231884,5.072463768115942,365,1
0.310391061452514,5.9264,1.0477600631575392,0.0,2.966666666666667,0.01534711359404097,False,0.9441340782122905,0.8603351955307262,366,1
0.3815566265060241,7.7784,1.2314600001666063,0.0,2.75,0.01748801204819277,False,0.0783132530120482,0.06626506024096386,367,1
6.068905919003115,25.5576,7.502588784621943,0.0,5.35,0.5411441111111112,False,10.54828660436137,7.520249221183801,368,1
18.545412058212058,68.1536,17.966133254769584,0.0,8.0,2.4727216077616077,False,26.328482328482327,14.251559251559252,369,0
16.551306504723346,89.2664,19.949510076458846,0.03873144399460189,1406.1166666666666,387.8844655233318,False,49.98623481781377,27.200067476383264,37,1
6.111600000000001,6.1116,8.908821654359636e-16,0.0,2.7333333333333334,0.2784173333333334,False,0.0,0.0,37.0,0
12.853316498316499,60.9308,11.877809333086606,0.0,19.833333333333332,4.248735175832398,False,50.17003367003367,25.37878787878788,370,0
9.64534409221902,60.0048,12.331864806264571,0.0,5.783333333333333,0.9297039999999999,False,35.70893371757925,17.688760806916427,371,1
2.5532629213483147,41.8552,4.9191682591615535,0.0,5.933333333333334,0.25248933333333334,False,32.87078651685393,20.491573033707866,372,1
14.014868104426787,54.8192,13.109319553055204,0.0,14.7,3.4336426855845628,False,61.978433598183884,30.00340522133939,373,0
16.527167332123412,61.6716,14.341526161443483,0.0,9.2,2.5341656575922564,False,48.50635208711434,26.82940108892922,374,0
12.510942315789473,76.858,15.509835242454756,0.0,7.916666666666667,1.6507493333333332,False,49.077894736842104,26.709473684210526,375,1
13.40567393939394,51.4856,12.708578888682785,0.0,11.0,2.457706888888889,False,60.53484848484848,29.783333333333335,376,0
17.60285277246654,55.1896,14.938496107936034,0.0,8.716666666666667,2.5573033333333335,False,43.51816443594646,22.254302103250478,377,0
11.958933846153846,71.30199999999998,17.476875026830108,0.0,4.316666666666666,0.8603788517094018,False,26.2,12.126923076923077,378,1
9.840651207729469,109.0828,17.29597586096645,0.0,3.45,0.5658374444444445,False,11.821256038647343,7.183574879227053,379,1
7.866559085799925,80.7472,12.580575641658509,0.0,86.06666666666666,11.28414197751967,False,59.66743162233046,34.76213001124017,38,1
6.111600000000001,6.1116,8.908821654359636e-16,0.0,2.7333333333333334,0.2784173333333334,False,0.0,0.0,38.0,0
17.347699829059827,76.1172,15.619890319078243,0.0,9.75,2.819001222222222,False,41.28888888888889,19.76068376068376,380,0
15.752698804780875,55.9304,15.010939368039088,0.0,8.366666666666667,2.196626333333333,False,37.820717131474105,17.470119521912352,381,0
0.17015837563451777,3.704,0.5692861695966686,0.0,3.3,0.009358710659898477,False,7.99492385786802,4.786802030456853,382,1
0.40074350282485877,5.7412,1.00854620547783,0.0,2.933333333333333,0.019591904582548652,False,3.209039548022599,2.1073446327683616,383,1
0.43279358288770053,8.8896,1.4128367384460763,0.0,3.1,0.022361001782531194,False,1.5668449197860963,1.3475935828877006,384,1
14.078165836298933,51.1152,12.539256760560239,0.0,9.366666666666667,2.1977581111111113,False,24.795373665480426,16.234875444839858,385,0
11.660255862068967,64.6348,10.661526547501957,0.0,9.666666666666666,1.8785967777777781,False,33.61206896551724,20.631034482758622,386,0
8.044907317073172,64.0792,15.648605231633132,0.0,6.15,0.8246030000000001,False,29.428184281842817,17.411924119241192,387,1
9.403613173652696,50.1892,13.59679254571094,0.0,5.566666666666666,0.8724463333333334,False,23.04191616766467,16.20059880239521,388,1
33.98205811965811,194.4044,50.31429061003656,0.0,9.766666666666667,5.531523905033237,False,46.19145299145299,21.6991452991453,389,1
16.32516753490651,93.8964,18.42628009213661,0.0,152.45,41.479529844941624,False,53.0481750632808,23.96815546664489,39,0
6.111600000000001,6.1116,8.908821654359636e-16,0.0,2.716666666666667,0.2767196666666667,False,0.0,0.0,39.0,0
7.7857784860557775,54.63399999999999,12.8360767354989,0.0,4.183333333333334,0.5428417777777779,False,21.454183266932272,11.625498007968128,390,1
16.199684592145015,67.598,15.810465863341198,0.0,11.033333333333333,2.978942,False,52.48942598187311,22.947129909365557,391,0
0.44672484848484845,4.4448,0.994556045717729,0.0,2.7333333333333334,0.02035079865319865,False,0.0,0.0,392,1
12.483723880597015,80.3768,16.26639167324695,0.0,8.95,1.8621554788557215,False,48.0615671641791,23.52238805970149,393,1
124.16751476014758,264.8916,124.13864478005176,0.0,4.516666666666667,9.347054583333332,False,28.608856088560884,12.992619926199263,394,1
11.678373407202217,44.8184,14.85781577169552,0.0,6.016666666666667,1.1710813333333334,False,25.085872576177284,12.254847645429363,395,1
2.3271204188481676,13.89,2.623414126137879,0.0,3.1666666666666665,0.12282024432809774,False,4.947643979057592,3.5340314136125652,396,0
41.48092113821139,207.3684,28.84611463091992,0.0,31.733333333333334,21.938798290876246,False,65.39962476547842,24.923076923076923,397,1
9.760230927835053,37.04,12.388918842767254,0.0,4.85,0.7889520000000001,False,39.34707903780069,15.670103092783505,398,1
21.91135567010309,97.4152,24.489002807252472,0.0,6.416666666666667,2.3432977591638027,False,42.71907216494845,19.61340206185567,399,1
25.2824267675701,224.092,25.142154273892594,0.0,496.65,209.2752875685615,False,71.0237240408307,28.881637920919864,4,1
6.895595335276969,60.0048,12.036164276882197,0.0,5.7,0.6550815568513121,False,25.57725947521866,13.29737609329446,4.0,1
15.29304388131924,114.4536,19.040836406769476,0.024449255061759836,230.23333333333332,58.68280782681777,False,46.0659620527187,19.737425187826307,40,1
6.111600000000001,6.1116,8.908496390238082e-16,0.0,10.816666666666666,1.101785666666667,False,0.0,0.0,40.0,0
11.381381818181818,51.3004,13.511708544285224,0.0,6.033333333333333,1.1444611717171718,False,36.17355371900826,20.848484848484848,400,0
20.80182554517134,126.862,29.378191495167123,0.0,5.35,1.8548294444444446,False,31.64485981308411,18.56697819314642,401,1
0.1953018181818182,16.8532,1.670424321554029,0.0,2.7333333333333334,0.008897082828282828,False,0.0,0.0,402,1
14.932635010060363,50.3744,14.956296354383415,0.0,8.283333333333333,2.0615332222222222,False,38.1046277665996,18.498993963782695,403,0
10.81105,53.708,13.557457202406939,0.0,6.533333333333333,1.1772032222222222,False,32.33673469387755,16.089285714285715,404,1
12.06917971602434,64.4496,13.483334338275535,0.0,8.216666666666667,1.6528071111111111,False,35.630831643002026,17.24949290060852,405,0
8.50913975308642,35.5584,10.494676202693531,0.0,6.733333333333333,0.9549145722908092,False,44.05185185185185,17.849382716049384,406,1
3.189662176165803,10.5564,2.5714577889562613,0.0,3.2,0.17011531606217617,False,6.05699481865285,4.0932642487046635,407,0
0.5573638095238096,15.3716,2.107063598729961,0.0,3.4833333333333334,0.03235806560846561,False,3.038095238095238,2.395238095238095,408,1
8.29529609375,37.2252,11.352707442308185,0.0,8.516666666666667,1.177471195529514,False,19.123046875,9.95703125,409,1
14.995898111921479,101.6748,16.495490014950505,0.0,940.1666666666666,234.97739235930294,False,65.06829800286279,28.160997886987936,41,1
6.111600000000001,6.1116,8.908821654359636e-16,0.0,2.7333333333333334,0.2784173333333334,False,0.0,0.0,41.0,0
20.88370074074074,58.1528,20.971820297720363,0.0,6.733333333333333,2.343615305349794,False,26.330864197530865,11.982716049382717,410,0
37.16532819074334,99.6376,27.327190641190757,0.0,28.883333333333333,17.890976042932834,False,63.598877980364655,22.753155680224403,411,0
44.90155532763532,165.3836,29.530781958342263,0.0,29.333333333333332,21.951871493510602,False,74.802849002849,27.242165242165242,412,1
19.01010986842105,74.8208,18.232584594380583,0.0,10.116666666666667,3.2053157472587714,False,42.223684210526315,20.873355263157894,413,0
20.254199677938807,140.752,22.317455297874687,0.0,10.35,3.493849444444444,False,49.29468599033817,22.77133655394525,414,1
11.760856737588652,52.0412,13.883300905384756,0.0,4.7,0.9212671111111111,False,17.599290780141843,11.28368794326241,415,0
3.2553604278074872,48.5224,9.120356149431782,0.0,3.1,0.16819362210338684,False,4.882352941176471,3.053475935828877,416,1
16.33988310502283,56.1156,15.353605416334347,0.0,7.3,1.9880191111111114,False,25.21461187214612,11.860730593607306,417,0
5.384728690807799,47.7816,11.209309624340035,0.0,5.966666666666667,0.5354813531414423,False,9.459610027855152,6.178272980501393,418,1
12.571474028629858,99.6376,20.33067502507958,0.0,8.15,1.7076252222222223,False,28.386503067484664,8.905930470347649,419,1
17.024780858303153,74.2652,17.23424410212853,0.0,985.0833333333334,279.51379795277995,False,54.79124135660191,25.920974646032267,42,0
6.111600000000001,6.1116,8.908821654359636e-16,0.0,2.7333333333333334,0.2784173333333334,False,0.0,0.0,42.0,0
18.820837073170733,56.1156,18.811284465724142,0.0,6.816666666666666,2.1382562119241193,False,28.7390243902439,9.229268292682926,420,0
22.88045590361446,64.0792,21.85398418183482,0.0,6.916666666666667,2.6376081111111116,False,22.973493975903615,10.720481927710843,421,0
9.097882898550726,40.5588,13.011549634946174,0.0,5.75,0.8718804444444446,False,19.973913043478262,12.515942028985508,422,1
18.8216,86.118,17.451151942782335,0.0,7.716666666666667,2.420666888888889,False,30.816414686825055,16.66306695464363,423,0
8.573589591078067,51.3004,13.623042590687126,0.0,4.483333333333333,0.6406376666666667,False,16.65799256505576,10.438661710037175,424,1
16.937143342776206,77.0432,19.892883193373727,0.0,5.883333333333334,1.6607810000000003,False,26.3314447592068,15.303116147308781,425,0
41.27898383084577,85.0068,22.903820858458406,0.0,26.966666666666665,18.55260995508568,False,74.09266169154229,28.258084577114428,426,0
57.287500782918144,98.3412,28.101479517006453,0.0,47.15,45.01842769857651,False,85.30355871886121,32.74839857651246,427,0
40.92196996996997,147.9748,29.312891220201532,0.0,112.65,76.83099861861862,False,88.06796269954165,37.865655128813025,428,1
24.97526182527639,113.3424,19.637495590999787,0.0,85.78333333333333,35.70768683741599,False,84.4112291350531,33.48840234120963,429,1
14.36227912061217,81.3028,17.72470465348678,0.12437750516215232,463.45,110.93663764079517,False,42.48694279120612,17.679946556540752,43,1
6.111600000000001,6.1116,8.908821654359636e-16,0.0,2.7333333333333334,0.2784173333333334,False,0.0,0.0,43.0,0
15.259980209895053,54.2636,15.466298171709745,0.0,11.116666666666667,2.8273352222222226,False,46.8935532233883,19.10944527736132,430,0
15.354809890109891,94.8224,15.842141738920699,0.0,12.116666666666667,3.100818552808303,False,50.60302197802198,19.728021978021978,431,0
16.438840635532017,129.64,19.492957856867257,0.10078639062750762,813.05,222.75998964532178,False,58.73190499117317,25.571015888300433,44,1
6.111600000000001,6.1116,8.908821654359636e-16,0.0,2.7333333333333334,0.2784173333333334,False,0.0,0.0,44.0,0
20.67594774090584,184.4592,29.710188898610717,0.03549612019151395,908.3833333333333,313.0281054784975,False,64.55715150514555,27.8872379065544,45,1
6.111600000000001,6.1116,8.908821654359636e-16,0.0,2.7333333333333334,0.2784173333333334,False,0.0,0.0,45.0,0
15.695355023707384,96.4892,17.66801917391907,0.0,59.11666666666667,15.464284519191692,False,49.52359449085572,20.606231655001128,46,0
6.111600000000001,6.1116,8.908821654359636e-16,0.0,2.7333333333333334,0.2784173333333334,False,0.0,0.0,46.0,0
18.312038540094132,166.68,19.80297312445479,0.15611402184530682,95.23333333333333,29.065274505027187,False,55.813870881804455,23.673297220495517,47,1
33.65494541871921,78.8952,22.109285442962616,0.0,17.7,9.928208898522167,False,60.68472906403941,25.214778325123152,47.0,0
31.784825138747756,110.9348,33.695946303648746,0.0,1399.1666666666667,741.2044639994094,False,64.53818494489174,29.169780348628155,48,1
2.2866530612244897,29.8172,5.615333541399839,0.0,3.2333333333333334,0.12322519274376417,False,11.653061224489797,6.918367346938775,48.0,1
36.485223730669226,112.6016,32.71830317169748,0.0,210.1,127.75909176356006,False,67.69556589571644,26.76570411933762,49,1
31.968752420800957,99.082,24.77902713611606,0.0,27.866666666666667,14.847709457660889,False,68.11775254034669,29.92050209205021,49.0,0
44.39775890759226,131.3068,35.723175508200086,0.028661653330478765,592.4833333333333,438.41553650166594,False,71.86279337383253,26.761447266304494,5,1
17.519814020028612,50.004,15.899754609556123,0.0,11.6,3.387164043872198,False,56.11444921316166,19.781115879828327,5.0,0
21.209130856059982,82.7844,21.118887434297665,0.0,347.68333333333334,122.9010218856298,False,60.98591085111642,25.77292576419214,50,0
11.640711256117456,51.6708,12.028280008737005,0.0,10.383333333333333,2.014489753489215,False,47.27079934747145,15.388254486133768,50.0,0
20.010595101872813,97.23,22.664653565211708,0.0,363.46666666666664,121.21973832823397,False,56.70076147355423,24.523152912121837,51,0
14.088332363636363,60.5604,16.73303900665349,0.0,18.383333333333333,4.316508499191919,False,45.588181818181816,18.919090909090908,51.0,0
20.848006674318004,107.9716,22.33786739544877,0.0,205.21666666666667,71.30597393913266,False,62.33733556987728,24.708572437538624,52,1
9.649894736842104,23.5204,5.6560054185110955,0.0,5.366666666666666,0.8631294736842103,False,39.309597523219814,17.41795665634675,52.0,0
24.71859249302924,96.1188,21.9343606048532,0.0,1061.5666666666666,437.34056395861234,False,63.852291413455355,26.98048187602774,53,0
34.58881323251418,81.3028,21.31911060907695,0.0,17.666666666666668,10.184483896240286,False,61.99054820415879,27.679584120982987,53.0,0
24.734215996684625,102.2304,20.080428756609784,0.25824403528506307,1225.1666666666667,505.0589494211908,False,72.67260671363448,29.302705582854774,54,1
4.350310204081633,35.7436,10.271617694064727,0.0,3.25,0.23564180272108845,False,12.23469387755102,7.510204081632653,54.0,1
20.677888345473463,94.8224,19.32957986287585,0.0,1280.3833333333334,441.26039343452993,False,57.66181061394381,26.318678459937566,55,0
42.36992911725956,88.896,25.216894043548823,0.0,25.55,18.042528149099695,False,74.05862977602108,33.887351778656125,55.0,0
22.98577915501251,162.05,22.520262098275754,0.1638451346974827,1227.6166666666666,470.2954264502101,False,61.373178271750334,29.899823347563668,56,1
33.41789115646259,112.046,21.415668910126097,0.0,17.116666666666667,9.5333817271353,False,62.265306122448976,26.968901846452866,56.0,0
14.759377902516606,93.1556,17.447170490274377,0.0,1169.4166666666667,287.6643751472438,False,57.05725512208813,30.233604640284405,57,0
40.362316414904335,101.3044,28.745224894830276,0.0,33.21666666666667,22.34502683747343,False,71.26334340382678,32.432527693857,57.0,1
14.005930879855056,92.0444,17.273135727615607,0.0,1133.1333333333334,264.50978573877376,False,52.71917110180048,27.283320122296455,58,1
63.4631364978903,117.9724,28.857128504316858,0.0,31.75,33.582576396800285,False,76.65348101265823,32.984177215189874,58.0,0
21.555145220276213,94.0816,18.61841005726438,0.0,392.06666666666666,140.85089893382712,False,56.5791219813286,23.8643623177224,59,0
9.638742342342342,40.3736,9.923302480371088,0.0,7.383333333333334,1.1861007937937937,False,37.98198198198198,20.92792792792793,59.0,0
34.26445929939182,165.0132,31.252209860809987,0.0,685.3833333333333,391.4048221580249,False,71.61910073566516,30.917669242822615,6,1
8.975666180048663,51.3004,13.943026304987047,0.0,6.8,1.0172421670721816,False,39.86861313868613,16.021897810218977,6.0,1
12.639281645195604,105.7492,15.487082267423647,0.0,334.8333333333333,70.5342134033277,False,51.9775440255289,22.19654887129181,60,1
8.945685804416406,15.5568,5.834171424923946,0.0,5.433333333333334,0.8100815478443746,False,40.26813880126183,18.473186119873816,60.0,0
15.05233951809252,83.34,15.807018844099881,0.0,306.0,76.76693154227185,False,62.917135421039376,27.749475274955923,61,0
29.129860632688928,97.7856,21.85875123934559,0.0,37.833333333333336,18.367995454501074,False,71.2091388400703,29.438927943760984,61.0,0
15.654656434279417,123.8988,17.51534293798204,0.0,301.96666666666664,78.78640702118736,False,49.10843207495178,20.905759162303664,62,1
31.07496376101861,105.7492,22.037858999852762,0.0,17.266666666666666,8.942684015670912,False,65.61116552399608,32.04799216454457,62.0,0
14.981699902224394,73.8948,16.11644455721587,0.0,1436.45,358.6743804091705,False,65.1807626497189,29.713761916401857,63,0
29.68688959276018,77.5988,21.38929617684503,0.0,22.183333333333334,10.975902791101056,False,72.01131221719457,33.96606334841629,63.0,0
17.782145574448826,141.3076,17.875130603323143,0.0,6.25,1.8523068306717527,False,64.30277364711968,27.249692894549685,64,1
31.07444566596194,80.562,24.490224135504903,0.0,16.016666666666666,8.295150634719283,False,60.17124735729387,26.96511627906977,64.0,0
13.584785158339807,95.9336,16.299601566013752,0.06696004832168435,772.9666666666667,175.00976835374544,False,47.72577444128053,23.53792389334714,65,1
33.007600714285715,98.5264,27.736265875547666,0.0,19.65,10.809989233928572,False,71.21428571428571,34.050892857142856,65.0,0
24.360426563950252,99.2672,24.43256892367289,0.10321143493595693,1437.7666666666667,583.7434883238145,False,70.16887878225357,30.3770187488398,66,1
34.28491977900553,85.19200000000002,25.63381732415434,0.0,15.633333333333333,8.93312632019644,False,58.84309392265193,26.528176795580112,66.0,0
49.702745183645185,176.1252,37.83944596796756,0.0,1376.9,1140.5951640560177,False,78.7682778932779,26.01894201894202,67,1
33.169719933554816,95.0076,24.267765680047276,0.0,20.35,11.250063344130675,False,71.4186046511628,34.2358803986711,67.0,0
27.004209576618724,121.4912,26.347873083098243,0.0,1318.9166666666667,593.6050346793675,False,69.12476173973315,32.89828452607867,68,1
16.402370285714284,52.4116,16.03435977843062,0.0,8.733333333333333,2.387456119365079,False,42.80952380952381,22.933333333333334,68.0,0
23.356979750778816,106.3048,25.66913900172866,0.0,53.583333333333336,20.859080527431637,False,61.37398753894081,28.94283489096573,69,1
0.03816242424242424,2.778,0.28886984459447895,0.0,2.7333333333333334,0.0017385104377104377,False,0.0,0.0,69.0,1
34.066098824738894,150.7528,30.626236513769157,0.0,672.35,381.73902574688657,False,73.93936774223697,34.28035701768733,7,1
10.916316981132075,44.2628,11.800683213771649,0.0,6.166666666666667,1.1219548008385745,False,45.80592991913747,19.13477088948787,7.0,0
12.322220985657284,73.154,13.769122408980525,0.14612315324059097,81.35,16.706877953053667,False,54.62115820122938,29.50760271756713,70,0
9.466058703071672,47.0408,14.300430189806473,0.0,4.866666666666666,0.7678025392491467,False,35.13310580204778,18.07849829351536,70.0,1
27.632102357866117,335.5454,30.194316091960893,0.015671401481269456,995.15,458.30144435717443,False,72.21879136999534,34.566138323374716,71,1
9.88609909365559,56.6712,17.317296988655656,0.0,5.5,0.9062257502517623,False,41.21450151057402,21.755287009063444,71.0,1
22.271297973339117,92.0444,21.567581289067025,0.0,1099.7833333333333,408.2267053796468,False,71.89156822369134,33.5625338679961,72,0
15.908599126637554,49.8188,13.91584824036077,0.0,7.6,2.0150892227074237,False,52.737991266375545,27.224890829694324,72.0,0
19.05696058554263,91.8592,18.68133013451191,0.0,1281.0666666666666,406.88728290198577,False,58.808411214953274,26.01010871638375,73,0
15.296223194748361,45.1888,13.754457557406468,0.0,7.583333333333333,1.9332726537806955,False,51.29759299781182,25.170678336980306,73.0,0
20.883462742899848,184.8296,25.02685542657479,0.0,1245.9666666666667,433.66830770380744,False,53.93329596412556,23.246356502242154,74,1
0.5120830601092896,16.1124,2.358046330130333,0.0,3.033333333333333,0.025888643594414087,False,7.551912568306011,4.819672131147541,74.0,1
33.69208797886394,116.676,34.1535691454079,0.04529156444612191,1203.1333333333334,675.6012352828417,False,65.30128326099263,31.54085676542744,75,1
9.556840773286467,53.1524,12.151511080945866,0.0,18.916666666666668,3.0130595215778166,False,48.31370826010545,24.334797891036906,75.0,1
19.95540158886283,93.526,19.815176387370755,0.09714761292275101,1149.6333333333334,382.35658077682785,False,61.527653779223726,27.090943481879396,76,0
0.23683151515151513,3.5188,0.6622721200171109,0.0,2.7333333333333334,0.010788991245791245,False,0.0,0.0,76.0,1
30.512961978539053,149.8268,25.840102958158816,0.0,1421.35,722.8266418032747,False,69.53279394043726,31.844322029035403,77,1
9.5378,65.3756,17.08080053569498,0.0,5.033333333333333,0.8001154444444445,False,39.151315789473685,22.61842105263158,77.0,1
16.956186366920914,82.0436,15.705207646180675,0.09016459253311923,449.45,127.01596604354341,False,60.14628663187475,25.384183059012443,78,0
13.22968603104213,44.448,12.141089567157378,0.0,7.5,1.6537107538802662,False,56.831485587583146,28.79379157427938,78.0,0
18.896579181138826,167.2356,19.305606512879667,0.0839911588253868,418.45,131.78789263912572,False,68.16766656141459,32.49642142932323,79,1
13.603273093525178,38.892,13.81508486996071,0.0,11.8,2.6753103750599516,False,56.07338129496403,28.850359712230215,79.0,0
19.233570311500422,121.5875,20.748218871407033,0.0,622.8666666666667,199.6658304670538,False,62.34073126322524,29.218542394567198,8,1
18.16956939130435,58.5232,17.902072879214852,0.0,9.633333333333333,2.9172253078260875,False,46.08695652173913,12.827826086956522,8.0,0
27.806140042121385,122.7876,28.690490811570754,0.025387708213670306,1222.7,566.6427904916969,False,69.0152019911928,30.23771778671262,80,1
9.67263859649123,66.672,15.300651187569883,0.0,10.65,1.7168933508771933,False,49.78309409888357,18.58054226475279,80.0,1
19.112005347392206,93.8964,18.09788921073196,0.0,1113.1333333333334,354.5701703171196,False,65.2428293478943,25.426598882821818,81,0
20.263133041362533,59.0788,17.39163701792405,0.0,34.666666666666664,11.707587979453907,False,61.27104622871046,23.53868613138686,81.0,0
19.075877843413032,75.006,19.181958324346716,0.0,1075.4333333333334,341.9139149233526,False,50.45250820440694,22.38021565869667,82,0
7.400675706214687,24.2612,5.614465373393968,0.0,5.883333333333334,0.7256773678593846,False,42.19491525423729,23.48870056497175,82.0,0
18.879730677480918,92.0444,19.741454493753146,0.11915553435114504,343.98333333333335,108.23854484792463,True,45.3512643129771,19.353888358778626,83,0
16.905128038897892,54.63399999999999,16.462665296345197,0.0,10.483333333333333,2.9537015379074374,False,48.50729335494327,15.766612641815234,83.0,0
19.60911965964183,72.7836,20.124224433051303,0.0,354.73333333333335,115.93347300994908,False,54.736915009399425,26.24487978628673,84,0
16.53694835039818,50.1892,16.024920558870292,0.0,15.016666666666667,4.138830684363544,False,48.75199089874858,18.333333333333332,84.0,0
22.279818210271735,167.606,22.227090623424075,0.0,1199.9833333333333,445.59017536704295,False,59.20536349409589,25.14774505619576,85,1
17.89267798408488,47.7816,12.062706344550536,0.0,6.25,1.863820623342175,False,45.273209549071616,18.3342175066313,85.0,0
14.955335394613758,78.5248,14.842865452080753,0.0,1150.1,286.66885395575474,False,68.64910639554921,32.31086603318399,86,0
34.455144235924934,82.0436,19.4544716510278,0.0,18.616666666666667,10.690665586535596,False,62.11796246648794,28.848972296693475,86.0,0
12.358980320855615,73.5244,15.114959776065994,0.04411764705882353,930.7833333333333,191.72554832745098,False,45.11510695187166,19.994652406417114,87,1
32.08387481146304,78.1544,20.223464461523893,0.0,22.033333333333335,11.78191180576504,False,72.2843137254902,33.61236802413273,87.0,0
18.981268553144687,105.0084,18.833306745266906,0.0,7.8,2.4675649119088097,False,53.22037796220378,22.95030496950305,88,1
21.07797328646749,54.8192,17.10197027543377,0.0,9.816666666666666,3.4485906293692645,False,48.67486818980668,15.630931458699473,88.0,0
17.318383222499307,127.6028,22.066115225511627,0.0,63.666666666666664,18.376728863874266,False,47.313798836242725,22.200471044610694,89,1
16.07177367624811,45.1888,14.624613267928062,0.0,11.6,3.1072095774079678,False,52.03782148260212,20.81391830559758,89.0,0
20.770973625480345,93.526,20.961681714897733,0.02028524977830328,648.35,224.44767916800305,False,66.50735294117646,28.671002069169376,9,0
17.56350299401198,66.4868,20.157128165924387,0.0,12.416666666666666,3.6346693695941457,False,53.127245508982035,19.838323353293415,9.0,0
20.537080039472507,110.194,18.82181188031588,0.09401632726294071,85.25,29.17976788941719,False,69.36817080828922,29.58544899973087,90,1
4.539762244897959,18.7052,4.701173533744158,0.0,6.516666666666667,0.4930686215986395,False,36.39540816326531,17.15561224489796,90.0,0
20.018011010558066,176.4956,24.211649270560034,0.0,67.8,22.620352441930613,False,59.97963800904977,25.764705882352942,91,1
2.925404081632653,4.63,2.227444480406608,0.0,4.916666666666667,0.23972061224489796,False,16.921768707482993,13.748299319727892,91.0,0
9.517125339506173,59.264,13.891280444256,0.0,85.55,13.569834546579218,False,49.54567901234568,23.089197530864197,92,1
35.45221866666666,73.8948,19.634064958096367,0.0,16.183333333333334,9.562251201481478,False,66.50358974358974,28.385641025641025,92.0,0
23.200247321494363,107.0456,20.0116009877115,0.49723675484488983,922.6666666666666,356.7682476994244,False,62.196964114656254,22.568344263503057,93,1
22.202100186219738,51.6708,13.748228748714856,0.0,19.4,7.178679060211048,False,73.42551210428306,34.26443202979516,93.0,0
11.94535889924545,94.0816,16.885336551235717,0.0,293.6166666666667,58.45594103555753,False,44.1605267051339,21.90042905755289,94,1
2.1279292929292932,19.2608,4.435928335170901,0.0,3.3833333333333333,0.11999156846240182,False,16.833333333333332,9.1010101010101,94.0,1
23.982131299951067,163.7168,22.288431862279484,0.0,434.85,173.81049659639535,False,61.5141086282825,25.95848964279889,95,1
30.668849635036498,80.1916,19.873625486553145,0.0,36.36666666666667,18.58873052879157,False,75.37907542579076,42.956204379562045,95.0,0
28.978766723209677,150.3824,24.511423512592042,0.0,477.0833333333333,230.4214437366325,False,65.63950143815916,28.979939523563683,96,1
18.768086247877758,84.4512,16.098745848254712,0.0,10.016666666666667,3.13322773193737,False,47.23938879456706,15.125636672325976,96.0,0
23.514565488474204,118.1576,23.412361482709255,0.0,880.8,345.1938213708013,False,58.03391877058178,21.960153677277717,97,1
20.233482644628097,54.4488,16.56735159927048,0.0,12.533333333333333,4.226549707988981,False,57.972451790633606,21.303030303030305,97.0,0
15.747659639863397,124.084,19.60080169984526,0.07047500776156473,719.5,188.8406851813619,False,47.28950636448308,18.687829866501087,98,1
5.818647272727272,30.1876,6.044597660495872,0.0,5.483333333333333,0.5317597090909091,False,40.5,16.387878787878787,98.0,0
17.993642959676365,190.3486,25.540846909057773,0.00013049719431032232,101.03333333333333,30.299295450432812,False,41.456609682891816,17.69228761581626,99,1
29.001661511111106,166.1244,27.355592164964317,0.0,18.616666666666667,8.998571085530862,False,65.78844444444445,28.56711111111111,99.0,1
